name,email,age,country,gender,interest,tag,
me,me@me.com,123,United States of America,male,goodtime,something,
YellowApple,yellowapp@me.com,19,Sweden,male,serious,Call me, Maybe,
YellowApple,yellowapp@me.com,19,Sweden,male,serious,Call me, Maybe,
YellowApple,yellowapp@me.com,19,Sweden,male,serious,Call me, Maybe,
YellowApple,yellowapp@me.com,19,Sweden,male,serious,Call me, Maybe,
origw,e@g.com,,,goodtime,grgwe,
origw,e@g.com,,,goodtime,grgwe,
origw,e@g.com,,,goodtime,grgwe,
origwoinoij,e@g.com,777,,female,goodtime,grgwe,
origwoinoij,e@g.com,777,,female,goodtime,grgwe,
origwoinoij,e@g.com,777,,female,goodtime,grgwe,
origwoinoij,e@g.com,777,,female,goodtime,grgwe,
YellowApple,YellowApple@me.com,98,United States of America,other,serious,Let's do it!,
YellowApple,YellowApple@me.com,98,United States of America,other,serious,Let's do it!,
YellowApple,Trickyfox,e@g.com,99,United States of America,male,goodtime,hi there sneaky foxy,
YellowApple,Yellow,e@g.com,99,,male,goodtime,something,
YellowApple,Yellow,e@g.com,99,,male,goodtime,something,


Joan of Ark,TrickyFox,e@g.com,20,Switzerland,male,goodtime,Something special,
pandabear,,e@g.com,,,goodtime,,
pandabear,,e@g.com,,,goodtime,,
pandabear,,e@g.com,,,goodtime,,
pandabear,,e@g.com,,,goodtime,,
Jumpingfrog,,e@g.com,,,goodtime,,
Jumpingfrog,,e@g.com,,,goodtime,,
Jumpingfrog,,e@g.com,,,goodtime,,
Jumpingfrog,,e@g.com,,,goodtime,,
Jumpingfrog,,e@g.com,,,goodtime,,
,,e@g.com,,,goodtime,,
,,e@g.com,,,goodtime,,
fffff,,e@g.com,,,goodtime,,
,,e@g.com,,,goodtime,,
,,e@g.com,,,goodtime,,
GrumpyMonkey,,e@g.com,,,goodtime,,
,,e@g.com,,,goodtime,,
,,e@g.com,,,goodtime,,
AngryGarfield,,e@g.com,,,goodtime,,
HappySnanny,,e@g.com,,,goodtime,,
HappySnanny,,e@g.com,,,goodtime,,
HappySnanny,,e@g.com,,,goodtime,,
JoanyPumpkin,,e@g.com,,,goodtime,,
JoanyPumpkin,,e@g.com,,,goodtime,,
happysnappy,,e@g.com,,,goodtime,,
WaterBottle,,e@g.com,,,goodtime,,
RedCap,,e@g.com,,,goodtime,,
RedCap,,e@g.com,,,goodtime,,
RedCap,,e@g.com,,,goodtime,,
RedCap,,e@g.com,,,goodtime,,
RedCap,,e@g.com,,,goodtime,,
RedCap,,e@g.com,,,goodtime,,
GoingtoWork,,e@g.com,,,goodtime,,
GoingtoWork,,e@g.com,,,goodtime,,
GoingtoWork,,e@g.com,,,goodtime,,
GoingtoWork,,e@g.com,,,goodtime,,
GoingtoWork,,e@g.com,,,goodtime,,
GoingtoWork,,e@g.com,,,goodtime,,
GoingtoWork,,e@g.com,,,goodtime,,
GoingtoWork,,e@g.com,,,goodtime,,
GoingtoWork,,e@g.com,,,goodtime,,
GoingtoWork,,e@g.com,,,goodtime,,
GoingtoWork,,e@g.com,,,goodtime,,
GoingtoWork,,e@g.com,,,goodtime,,
SleepyPanda,,e@g.com,,,goodtime,,
SleepyPanda,,e@g.com,,,goodtime,,
wakingMoon,,e@g.com,,,goodtime,,
wakingMoon,,e@g.com,,,goodtime,,
wakingMoon,,e@g.com,,,goodtime,,
wakingMoon,,e@g.com,,,goodtime,,
wakingMoon,,e@g.com,,,goodtime,,
HopAir,,e@g.com,,,goodtime,,
HopAir,,e@g.com,,,goodtime,,
HopAir,,e@g.com,,,goodtime,,
HopAir,,e@g.com,,,goodtime,,
HopAir,,e@g.com,,,goodtime,,
HopAir,,e@g.com,,,goodtime,,
HopAir,,e@g.com,,,goodtime,,
HopAir,,e@g.com,,,goodtime,,
HopAir,,e@g.com,,,goodtime,,
HopAir,,e@g.com,,,goodtime,,
HopAir,,e@g.com,,,goodtime,,
HopAir,,e@g.com,,,goodtime,,
HopAir,,e@g.com,,,goodtime,,
HopAir,,e@g.com,,,goodtime,,
HopAir,,e@g.com,,,goodtime,,
HopAir,,e@g.com,,,goodtime,,
HopAir,,e@g.com,,,goodtime,,
HopAir,,e@g.com,,,goodtime,,
HopAir,,e@g.com,,,goodtime,,
HopAir,,e@g.com,,,goodtime,,
HopAir,,e@g.com,,,goodtime,,
HopAir,,e@g.com,,,goodtime,,
HopAir,,e@g.com,,,goodtime,,
HopAir,,e@g.com,,,goodtime,,
HopAir,,e@g.com,,,goodtime,,
HopAir,,e@g.com,,,goodtime,,
HopAir,,e@g.com,,,goodtime,,
HopAir,,e@g.com,,,goodtime,,
HopAir,,e@g.com,,,goodtime,,
HopAir,,e@g.com,,,goodtime,,
HopAir,,e@g.com,,,goodtime,,
HopAir,,e@g.com,,,goodtime,,
HopAir,,e@g.com,,,goodtime,,
HopAir,,e@g.com,,,goodtime,,
HopAir,,e@g.com,,,goodtime,,
HopAir,,e@g.com,,,goodtime,,
HopAir,,e@g.com,,,goodtime,,
HopAir,,e@g.com,,,goodtime,,
HopAir,,e@g.com,,,goodtime,,
HopAir,,e@g.com,,,goodtime,,
HopAir,,e@g.com,,,goodtime,,
HopAir,,e@g.com,,,goodtime,,
HopAir,,e@g.com,,,goodtime,,
HopAir,,e@g.com,,,goodtime,,
MEMEME,,e@g.com,,,goodtime,,
MEMEME,,e@g.com,,,goodtime,,
MEMEME,,e@g.com,,,goodtime,,
Meemy,,e@g.com,,,goodtime,,
Meemy,,e@g.com,,,goodtime,,
Meemy,,e@g.com,,,goodtime,,













HappyCamper,Harper Lee,harpybabe@aol.com,123,female,Men,United States of America,Christian,wefwefwefwef,wefwefwefwefwwe,fwefwefwef,wefwefwefwf,
Hunger,Hannah Bamma,e@g.com,20,female,Women,Italy,Atheist,Egrgewrgwefw,wefwefweg,wewegweg,Hey there, stranger!,
Hunger,Hannah Bamma,e@g.com,20,female,Women,Italy,Atheist,Egrgewrgwefw,wefwefweg,wewegweg,Hey there, stranger!,
Hunger,Hannah Bamma,e@g.com,20,female,Women,Italy,Atheist,Egrgewrgwefw,wefwefweg,wewegweg,Hey there, stranger!,
Hunger,Hannah Bamma,e@g.com,20,female,Women,Italy,Atheist,Egrgewrgwefw,wefwefweg,wewegweg,Hey there, stranger!,
ergerg,rgergerg,e@g.com,33,female,Other,United States of America,ergerg,ergergerg,ergerger,rgerge,ergergerg,
ergerg,rgergerg,e@g.com,33,female,Other,United States of America,ergerg,ergergerg,ergerger,rgerge,ergergerg,
ergerg,rgergerg,e@g.com,33,female,Other,United States of America,ergerg,ergergerg,ergerger,rgerge,ergergerg,
svevwe,wevwe,e@g.com,ewv,female,Other,United States of America,evwev,wevwe,wevew,wevwe,wevwev,
HappyPumpkin,Stephany,e@g.com,122,on,Other,United States of America,Buddhist,I like certain faces,I hate butts,I drink beer,Something fierce,
JollyPop,Jolly,e@g.com,33,female,Men,Switzerland,Atheist,I chill back,I run fast,I do other stuff too,ergrg,

AngryBear,Snapper,e@g.com,123,on,Women,United States of America,Christian,rgwegwef,wefwefwef,wefwef,wefwef,



FishyFish,,e@g.com,,,,,,,,
